WRF, Yield, Yield unc., Mean energy (MeV), Mean energy unc. (MeV), Sigma (MeV), Sigma unc. (MeV), Rho-R (mg/cm^2), Rho-R unc. (mg/cm^2), Hot-spot rho-R (mg/cm^2), Shell rho-R (mg/cm^2)
90-078:1,26450000.0,103736900.0,11.831210726600789,1.3467223788937623,0.37753098653459993,1.705,129.55445917802246,59.39684716595382,14.914171852950092,88.45693413230939
90-078:3,90280000.0,191501936.0,11.806682804129466,0.31142696458219454,0.30433207120926564,0.263,130.60996323036744,18.032507667383758,15.069247212779725,89.34377951310462
90-078:4,344800000.0,658912800.0,11.364367414622954,0.42128750418619454,0.30242194126383115,0.326,149.74886946100924,22.879823387793223,17.89816048895368,105.43839068710574
