WRF, Yield, Yield unc., Mean energy (MeV), Mean energy unc. (MeV), Sigma (MeV), Sigma unc. (MeV), Rho-R (mg/cm^2), Rho-R unc. (mg/cm^2), Hot-spot rho-R (mg/cm^2), Shell rho-R (mg/cm^2)
090-078:1,44740000.0,127683486.0,14.079,0.16191355718407277,2.605,26.364,36.90902314824363,8.122702215706308,3.2728398388900546,15.244392254556509
