WRF, Yield, Yield unc., Mean energy (MeV), Mean energy unc. (MeV), Sigma (MeV), Sigma unc. (MeV), Width (keV), Width unc. (keV), Rho-R (mg/cm^2), Rho-R unc. (mg/cm^2), Compres. yield, Compres. yield unc., Compres. mean (MeV), Compres. mean unc. (MeV), Compres. rho-R (mg/cm^2), Compres. rho-R unc. (mg/cm^2)
90-078:2,722600000.0,601275459.9999999,11.944554939475829,0.34604440205031395,0.3440772910973662,0.28390967892154784,810.3020205342973,668.6072938602451,122.95630112902857,19.273626137883483,22285760341.453915,459133630.8517274,7.3496000808683855,0.04401879656077812,318.1276202852747,41.35130669275378
90-078:3,1734000000.0,185884800.0,12.336173946171584,0.07187461626795066,0.3335875368029093,0.017770928070809155,785.5986491708514,41.850535606755564,105.52206785328929,10.345626322452533,nan,inf,nan,inf,nan,nan
90-078:4,1228000000.0,150430000.0,12.439837693315367,0.06874857427522141,0.3701693612256536,0.013821832945923873,871.7488456864141,32.55041658765072,100.92527194937489,9.915283223430144,nan,inf,nan,inf,nan,nan
