WRF, Yield, Yield unc., Mean energy (MeV), Mean energy unc. (MeV), Sigma (MeV), Sigma unc. (MeV), Width (keV), Width unc. (keV), Rho-R (mg/cm^2), Rho-R unc. (mg/cm^2), Hot-spot rho-R (mg/cm^2), Shell rho-R (mg/cm^2)
90-078:2,1017000000.0,1425020400.0,12.412245600113769,0.2579861262487464,0.3541649674001883,0.134,834.0584982274435,315.57,102.1431973603322,14.894642806197526,11.838112270052571,68.1738598912123
90-078:3,1754000000.0,183293000.0,12.989841326549387,0.06939263860934464,0.3212383739210649,0.016,756.5163705841079,37.68,76.6069454300286,8.024788259863605,8.04701414982777,46.89050676877759
90-078:4,1281000000.0,169476300.0,13.083267161115822,0.06718626045508991,0.36051541391939335,0.016,849.0137997801713,37.68,72.49251842877771,7.70977904775636,7.446318393551234,43.481853049867176
