WRF, Yield, Yield unc., Mean energy (MeV), Mean energy unc. (MeV), Sigma (MeV), Sigma unc. (MeV), Rho-R (mg/cm^2), Rho-R unc. (mg/cm^2), Hot-spot rho-R (mg/cm^2), Shell rho-R (mg/cm^2)
90-078:3,363800000.0,178116480.0,10.507847848937704,0.13228993950226275,0.4917526026721015,0.422,184.8978128465074,19.00431710557127,24.496725159305296,133.95077449719017
