WRF, Yield, Yield unc., Mean energy (MeV), Mean energy unc. (MeV), Sigma (MeV), Sigma unc. (MeV), Rho-R (mg/cm^2), Rho-R unc. (mg/cm^2), Hot-spot rho-R (mg/cm^2), Shell rho-R (mg/cm^2)
90-078:1,115000000.0,409388500.0,11.716457431396272,0.6103692387158262,0.8708068168362617,0.682,134.7553120235967,29.58217122585501,16.55062667996668,92.80283537173952
90-078:3,43500000.0,150449100.0,12.213998939431116,0.2465639038659031,0.39754183819740074,2.868,112.87852683754161,15.098589883525747,13.201052197199866,74.5631259168645
90-078:4,331300000.0,689667210.0,11.84639375540436,0.2794959278983029,0.40792294092800585,6.703,129.04264970002905,17.19709821918867,15.671612883555653,88.03545087942895
