WRF, Yield, Yield unc., Mean energy (MeV), Mean energy unc. (MeV), Temperature (keV), Temperature unc. (keV), Width (keV), Width unc. (keV), Rho-R (mg/cm^2), Rho-R unc. (mg/cm^2), Compres. yield, Compres. yield unc., Compres. mean (MeV), Compres. mean unc. (MeV), Compres. rho-R (mg/cm^2), Compres. rho-R unc. (mg/cm^2)
00-000:1,7734000000.0,3184087800.0,14.257,0.09998499887483121,342.5005102105425,10.228062637179598,3362.94,49.455000000000005,nan,nan,nan,inf,nan,inf,nan,nan
00-000:4,10690000000.0,5740530000.0,14.121,0.11403946685248927,341.0448979656171,15.04457451068733,3355.875,73.005,nan,nan,nan,inf,nan,inf,nan,nan
90-078:1,4792000000.0,13332302400.000002,13.823,0.25437177516383375,377.33384354453295,14.28674361398009,3527.79,65.94,nan,nan,nan,inf,nan,inf,nan,nan
90-078:4,32720000000.0,86508408000.0,14.39,0.14057738082636198,249.66037415436935,8.347334316528947,2877.81,47.1,nan,nan,nan,inf,nan,inf,nan,nan
