WRF, Yield, Yield unc., Mean energy (MeV), Mean energy unc. (MeV), Sigma (MeV), Sigma unc. (MeV), Rho-R (mg/cm^2), Rho-R unc. (mg/cm^2), Hot-spot rho-R (mg/cm^2), Shell rho-R (mg/cm^2)
00-000:2,621700000.0,1093632470.0,5.872,0.7250882704884971,0.607,0.125,369.9681945681552,56.866377416594204,53.99973441705831,292.40635007884936
90-078:1,25030000.0,114259447.0,9.048292213027256,0.731193689025261,0.2877933334758511,0.814,248.33747149633083,41.59884790061109,34.22345457069948,190.8049250996643
90-078:4,88650000.0,133551225.0,8.813745886958136,1.4725761605658931,0.30601261143072467,2.942,258.0626894482062,67.56868532570476,35.776141385762955,198.95010279090033
