WRF, Yield, Yield unc., Mean energy (MeV), Mean energy unc. (MeV), Sigma (MeV), Sigma unc. (MeV), Rho-R (mg/cm^2), Rho-R unc. (mg/cm^2), Hot-spot rho-R (mg/cm^2), Shell rho-R (mg/cm^2)
90-078:1,443100000.0,154907760.0,11.31617916618078,0.14370281399661433,0.4714138119622664,0.372,151.8396198401025,15.409136454182306,18.24805120532525,107.13662640413239
90-078:3,98360000.0,247119664.0,11.070816504544174,0.7509795202249574,0.5439129695593996,4.407,162.3921155222215,35.64178215518494,19.825691451043536,116.01509865352457
90-078:4,226600000.0,89529660.0,11.474991306603561,0.1341149819002565,0.46352292465301304,0.359,144.96154158286993,14.586188792452587,17.224412142573744,101.35181728381737
