type,DIM,position,distance,theta,phi,filter ID,bert ID,ernie ID,snout configuration
WRF,TC000-000,1,52.02628184445273,13.38670929068215,165.57334518350694,13425941,13517324,,HGXD2-H-1200-6.35
WRF,TC000-000,2,52.02628184445273,13.38670929068215,194.42665481649303,13425937,13517311,,HGXD2-H-1200-6.35
WRF,TC090-078,1,51.83173660578625,76.97115807939502,81.40667096838155,13425889,13517309,,HGXD2-H-1200-6.35
WRF,TC090-078,3,51.83173660578625,103.02884192060498,74.59332903161845,13425842,13517301,,HGXD2-H-1200-6.35
WRF,TC090-078,4,51.83173660578625,103.02884192060498,81.40667096838155,13425869,13517310,,HGXD2-H-1200-6.35
