WRF, Yield, Yield unc., Mean energy (MeV), Mean energy unc. (MeV), Sigma (MeV), Sigma unc. (MeV), Rho-R (mg/cm^2), Rho-R unc. (mg/cm^2), Hot-spot rho-R (mg/cm^2), Shell rho-R (mg/cm^2)
90-124:2,176700000.0,1105841610.0,13.635192557485347,4.59382366602173,0.26634668145022733,8.54,50.419132482097595,117.33346173230109,4.048103148398312,23.075449901275462
90-124:4,106100000.0,128327950.0,13.469043800258095,0.5988085681473603,0.11284886719256626,1.234,57.6610486749436,27.380375654535626,5.061002150889501,28.73872449871812
