WRF, Yield, Yield unc., Mean energy (MeV), Mean energy unc. (MeV), Sigma (MeV), Sigma unc. (MeV), Width (keV), Width unc. (keV), Rho-R (mg/cm^2), Rho-R unc. (mg/cm^2), Hot-spot rho-R (mg/cm^2), Shell rho-R (mg/cm^2)
90-078:3,189000000.0,364259700.0,11.990394597800863,0.18648843066768972,0.25841540342011093,0.263,608.5682750543613,619.365,123.55828019964456,14.444300700458408,14.714951253751519,86.15201917982793
90-078:4,304000000.0,445208000.0,12.16181737498295,0.2688160074326378,0.3165512230601637,0.517,745.4781303066856,1217.535,115.7525366130277,16.36544989534371,13.551727931198638,79.59147704476717
90-315:1,533300000.0,144737620.0,11.913731691751927,0.08701583498208798,0.3178619727388492,0.181,748.5649457999899,426.255,127.0644390899236,12.694583519120041,15.239409742690604,89.09993719863837
90-315:2,101800000.0,270828720.00000006,12.07181682455839,0.6457532215124964,0.4025297662476577,1.187,947.9575995132338,2795.385,119.84658598722997,31.464753438886937,14.161059923760304,83.03196160135433
90-315:3,238900000.0,127787610.0,11.87683502834532,0.636299153356755,0.46055805868134847,1.395,1084.6142281945756,3285.225,128.72298912479184,31.43396521443411,15.487908172027533,90.49459823336234
90-315:4,445400000.0,323716720.00000006,12.023525742112621,0.1607017952585439,0.41279725877369344,0.416,972.1375444120481,979.68,122.06043981527189,13.655726708645219,14.4912657918063,84.89284067083776
