WRF, Yield, Yield unc., Mean energy (MeV), Mean energy unc. (MeV), Sigma (MeV), Sigma unc. (MeV), Rho-R (mg/cm^2), Rho-R unc. (mg/cm^2), Hot-spot rho-R (mg/cm^2), Shell rho-R (mg/cm^2)
90-078:1,980800000.0,1090747680.0,10.149,0.25276866894455097,1.571,0.552,195.6801663883719,20.36163934009183,33.48241781641212,136.9679599862237
90-078:3,205800000.0,300653220.0,10.061,0.5927984480411533,1.609,8.338,198.98642978248307,28.82962369553363,34.16847290995352,139.57010026632548
90-078:4,88120000.0,60080216.00000001,10.392,0.8036330008156709,1.288,1.283,186.53441036929232,34.88024717834739,31.591559229445558,129.76592446725095
90-124:1,133600000.0,533651840.0,10.427,1.0110914894310998,1.47,0.771,185.17545984188104,41.86863676010561,31.311478639997336,128.69529622757872
90-124:3,1180000000.0,1292808000.0,11.093,0.14855638660118253,1.519,0.443,159.5985325697793,15.276410279567168,26.08440653348107,108.52328708594688
90-124:4,120200000.0,29929800.0,10.203,0.24312959507225773,1.504,0.648,193.69320782041137,20.005443463504232,33.070752952395324,135.4037813740732
